MMSI,valid_from,valid_to,Vessel_Name,hull_class,activity_excluded,Operation,Identified_By,Confidence,evidence_ref,gfw_vessel_type,gfw_gear_type,pull_date,Notes
257394000,,,Cygnus,non_fishing,FALSE,Cargo,manual identification,confirmed,,CARGO,CARGO,2026-10-06,
259286000,,,Sunnanvik,non_fishing,FALSE,Cargo,manual identification,confirmed,,FISHING,INCONCLUSIVE,2026-10-06,
338066383,,,NOAA Gloria Michelle,non_fishing,FALSE,Research,known_research_vessel,confirmed,,FISHING,TRAWLERS,2026-10-06,
338229941,2019-09-01,,Mister G,fishing,TRUE,Survey,orsted_list,confirmed,,FISHING,POTS_AND_TRAPS,2026-10-06,
338328681,2019-09-01,,Ashley Ann II,fishing,TRUE,Survey,orsted_list,confirmed,,FISHING,FIXED_GEAR,2026-10-06,
338350046,2019-09-01,,Argo,fishing,TRUE,Safety,behavioural_screen,possible,,FISHING,SET_GILLNETS,2026-10-06,
338389953,2019-09-01,,Cailyn & Maren,fishing,TRUE,Survey,orsted_list,confirmed,,FISHING,FISHING,2026-10-06,
338399049,2019-09-01,,Harvest Moon,fishing,TRUE,Survey,orsted_list,confirmed,,FISHING,POTS_AND_TRAPS,2026-10-06,
338402566,2019-09-01,,Erica Knight,fishing,TRUE,Survey,orsted_list,confirmed,,FISHING,TRAWLERS,2026-10-06,
338405326,2019-09-01,,Amelia Anne,fishing,TRUE,Survey,orsted_list,confirmed,,FISHING,FIXED_GEAR,2026-10-06,
338442062,2019-09-01,,More Misery,fishing,TRUE,Survey,orsted_list,confirmed,,FISHING,SET_GILLNETS,2026-10-06,
338489747,2019-09-01,,Sweet Misery,fishing,TRUE,Survey,orsted_list,confirmed,,FISHING,POTS_AND_TRAPS,2026-10-06,
338538875,2019-09-01,,Cailyn and Maren,fishing,TRUE,Safety,orsted_list,confirmed,,FISHING,POLE_AND_LINE,2026-10-06,this is Cailyn & Maren II from Orsted list
366617950,2019-09-01,,Barbara Anne,fishing,TRUE,Survey,orsted_list,confirmed,,FISHING,TRAWLERS,2026-10-06,
366758680,2019-09-01,,Kathy Marie,fishing,TRUE,Survey,orsted_list,confirmed,,FISHING,FISHING,2026-10-06,
366988070,2019-09-01,,Beth Anne,fishing,TRUE,Safety,orsted_list,confirmed,,FISHING,TRAWLERS,2026-10-06,
367044720,2019-09-01,,Madison Kate,fishing,TRUE,Safety,orsted_list,confirmed,,FISHING,TRAWLERS,2026-10-06,
367074530,2019-09-01,,Pamela Ann,fishing,TRUE,Safety,orsted_list,confirmed,,FISHING,FISHING,2026-10-06,
367119340,2019-09-01,,Heather Lynn,fishing,TRUE,Survey,orsted_list,confirmed,,FISHING,TRAWLERS,2026-10-06,
367161060,2019-09-01,,Karen Nicole,fishing,TRUE,Safety,orsted_list,confirmed,,FISHING,FISHING,2026-10-06,
367336020,2019-09-01,,Harvester,fishing,TRUE,Safety,orsted_list,confirmed,,FISHING,TRAWLERS,2026-10-06,
367347070,2019-09-01,,Italian Princess,fishing,TRUE,Safety,orsted_list,confirmed,,FISHING,TRAWLERS,2026-10-06,
367371160,2019-09-01,,Italian Princess,fishing,TRUE,Safety,orsted_list,confirmed,,FISHING,FISHING,2026-10-06,
367387310,2019-09-01,,Kathryn Marie,fishing,TRUE,Safety,orsted_list,confirmed,,FISHING,FISHING,2026-10-06,
367411950,2019-09-01,,ESS Pride,fishing,TRUE,Safety,behavioural_screen,possible,,FISHING,TRAWLERS,2026-10-06,
367478020,2019-09-01,,Archangel,fishing,TRUE,Survey,orsted_list,confirmed,,PASSENGER,PASSENGER,2026-10-06,
367494840,2019-09-01,,Andrea A,fishing,TRUE,Safety,orsted_list,confirmed,,FISHING,FISHING,2026-10-06,
367577710,2019-09-01,,Barbara Ann,fishing,TRUE,Safety,orsted_list,confirmed,,FISHING,FISHING,2026-10-06,
367587070,2019-09-01,,Mister Marco,fishing,TRUE,Safety,orsted_list,confirmed,,FISHING,FISHING,2026-10-06,
367639280,2019-09-01,,Hunter,fishing,TRUE,Safety,orsted_list,confirmed,,FISHING,FISHING,2026-10-06,
367696380,2019-09-01,,Virginia Wave,fishing,TRUE,Safety,marinetraffic,confirmed,,FISHING,TRAWLERS,2026-10-06,
367717050,2019-09-01,,Provider,fishing,TRUE,Survey,orsted_list,confirmed,,FISHING,TRAWLERS,2026-10-06,
367723210,2019-09-01,,Saint Angels,fishing,TRUE,Safety,behavioural_screen,probable,,FISHING,FISHING,2026-10-06,
367751630,2019-09-01,,Fleet King,fishing,TRUE,Safety,orsted_list,confirmed,,FISHING,FISHING,2026-10-06,
368003140,2019-09-01,,Princess Scarlett,fishing,TRUE,Survey,orsted_list,confirmed,,FISHING,TRAWLERS,2026-10-06,"dates confirmed surveying from Orsted list: 5/14/25 - 5/16/25, 5/16/26 - 5/18/26"
368068580,2019-09-01,,Madison Kate,fishing,TRUE,Safety,orsted_list,confirmed,,FISHING,FISHING,2026-10-06,
368080240,2019-09-01,,Amelia Joyce,fishing,TRUE,Safety,behavioural_screen,probable,,FISHING,FISHING,2026-10-06,
368082670,2019-09-01,,Patience,fishing,TRUE,Safety,orsted_list,confirmed,,FISHING,INCONCLUSIVE,2026-10-06,
368094740,2019-09-01,,Brittany Eryn,fishing,TRUE,Safety,orsted_list,confirmed,,FISHING,FISHING,2026-10-06,
368128790,2019-09-01,,Gulf Stream,fishing,TRUE,Safety,behavioural_screen,possible,,FISHING,TRAWLERS,2026-10-06,
368231710,2019-09-01,,Lily M,fishing,TRUE,Safety,behavioural_screen,probable,,FISHING,FISHING,2026-10-06,
368235570,2019-09-01,,Ocean Queen,fishing,TRUE,Safety,orsted_list,confirmed,,FISHING,TRAWLERS,2026-10-06,
368243330,2019-09-01,,Chatham,fishing,TRUE,Safety,orsted_list,confirmed,,FISHING,FISHING,2026-10-06,
368243930,2019-09-01,,Gabrielle Elizabeth,fishing,TRUE,Safety,orsted_list,confirmed,,FISHING,INCONCLUSIVE,2026-10-06,
368245920,2019-09-01,,New Horizon,fishing,TRUE,Safety,orsted_list,confirmed,,FISHING,FISHING,2026-10-06,
368250590,2019-09-01,,Jack M,fishing,TRUE,Safety,behavioural_screen,probable,,FISHING,TRAWLERS,2026-10-06,
368280420,2019-09-01,,Edward & Joseph,fishing,TRUE,Safety,behavioural_screen,probable,,FISHING,SET_GILLNETS,2026-10-06,
368294050,2019-09-01,,Jo Ann V,fishing,TRUE,Safety,orsted_list,confirmed,,FISHING,FISHING,2026-10-06,
368308710,2019-09-01,,Archangel,fishing,TRUE,Survey,orsted_list,confirmed,,OTHER,OTHER,2026-10-06,"dates confirmed surveying from Orsted list: 9/29/25, 5/26/26, 5/29/26"
368316410,2019-09-01,,Fleet Queen,fishing,TRUE,Safety,orsted_list,confirmed,,OTHER,OTHER,2026-10-06,
368346080,2019-09-01,,Triunfo,fishing,TRUE,Safety,orsted_list,confirmed,,OTHER,OTHER,2026-10-06,
368361590,2019-09-01,,Tradition,fishing,TRUE,Safety,behavioural_screen,probable,,FISHING,TRAWLERS,2026-10-06,
368364250,2019-09-01,,Sea Wind,fishing,TRUE,Safety,orsted_list,confirmed,,OTHER,OTHER,2026-10-06,
368411440,2019-09-01,,Celtic,fishing,TRUE,Safety,orsted_list,confirmed,,OTHER,OTHER,2026-10-06,
368411540,2019-09-01,,Mariner,fishing,TRUE,Safety,orsted_list,confirmed,,FISHING,FIXED_GEAR,2026-10-06,
