Vessel_Name,MMSI,Operation,Scope,Identified_By,Confidence,Notes
Fleet King,367751630,Safety,stages_2_3,orsted_list,confirmed,
New Horizon,368245920,Safety,stages_2_3,orsted_list,confirmed,
Gabrielle Elizabeth,368243930,Safety,stages_2_3,orsted_list,confirmed,
Barbara Ann,367577710,Safety,stages_2_3,orsted_list,confirmed,
Mister Marco,367587070,Safety,stages_2_3,orsted_list,confirmed,
Jo Ann V,368294050,Safety,stages_2_3,orsted_list,confirmed,
Fleet Queen,368316410,Safety,stages_2_3,orsted_list,confirmed,
Triunfo,368346080,Safety,stages_2_3,orsted_list,confirmed,
Beth Anne,366988070,Safety,stages_2_3,orsted_list,confirmed,
Pamela Ann,367074530,Safety,stages_2_3,orsted_list,confirmed,
Karen Nicole,367161060,Safety,stages_2_3,orsted_list,confirmed,
Andrea A,367494840,Safety,stages_2_3,orsted_list,confirmed,
Madison Kate,368068580,Safety,stages_2_3,orsted_list,confirmed,
Madison Kate,367044720,Safety,stages_2_3,orsted_list,confirmed,
Italian Princess,367371160,Safety,stages_2_3,orsted_list,confirmed,
Italian Princess,367347070,Safety,stages_2_3,orsted_list,confirmed,
Sea Wind,368364250,Safety,stages_2_3,orsted_list,confirmed,
Ocean Queen,368235570,Safety,stages_2_3,orsted_list,confirmed,
Brittany Eryn,368094740,Safety,stages_2_3,orsted_list,confirmed,
Hunter,367639280,Safety,stages_2_3,orsted_list,confirmed,
Chatham,368243330,Safety,stages_2_3,orsted_list,confirmed,
Patience,368082670,Safety,stages_2_3,orsted_list,confirmed,
Mariner,368411540,Safety,stages_2_3,orsted_list,confirmed,
Harvester,367336020,Safety,stages_2_3,orsted_list,confirmed,
Kathryn Marie,367387310,Safety,stages_2_3,orsted_list,confirmed,
Celtic,368411440,Safety,stages_2_3,orsted_list,confirmed,
Ashley Ann II,338328681,Survey,stages_2_3,orsted_list,confirmed,
Heather Lynn,367119340,Survey,stages_2_3,orsted_list,confirmed,
Amelia Anne,338405326,Survey,stages_2_3,orsted_list,confirmed,
Erica Knight,338402566,Survey,stages_2_3,orsted_list,confirmed,
Mister G,338229941,Survey,stages_2_3,orsted_list,confirmed,
More Misery,338442062,Survey,stages_2_3,orsted_list,confirmed,
Sweet Misery,338489747,Survey,stages_2_3,orsted_list,confirmed,
Cailyn & Maren,338389953,Survey,stages_2_3,orsted_list,confirmed,
Harvest Moon,338399049,Survey,stages_2_3,orsted_list,confirmed,
Barbara Anne,366617950,Survey,stages_2_3,orsted_list,confirmed,
Provider,367717050,Survey,stages_2_3,orsted_list,confirmed,
Kathy Marie,366758680,Survey,stages_2_3,orsted_list,confirmed,
Archangel,367478020,Survey,stages_2_3,orsted_list,confirmed,
Archangel,368308710,Survey,stages_2_3,orsted_list,confirmed,"dates confirmed surveying from Orsted list: 9/29/25, 5/26/26, 5/29/26"
Princess Scarlett,368003140,Survey,stages_2_3,orsted_list,confirmed,"dates confirmed surveying from Orsted list: 5/14/25 - 5/16/25, 5/16/26 - 5/18/26"
Amelia Joyce,368080240,Safety,stages_2_3,behavioural_screen,probable,
Jack M,368250590,Safety,stages_2_3,behavioural_screen,probable,
Lily M,368231710,Safety,stages_2_3,behavioural_screen,probable,
Edward & Joseph,368280420,Safety,stages_2_3,behavioural_screen,probable,
Tradition,368361590,Safety,stages_2_3,behavioural_screen,probable,
Saint Angels,367723210,Safety,stages_2_3,behavioural_screen,probable,
Virginia Wave,367696380,Safety,stages_2_3,marinetraffic,confirmed,
NOAA Gloria Michelle,338066383,Research,all_stages,known_research_vessel,confirmed,
Cailyn and Maren,338538875,Safety,stages_2_3,orsted_list,confirmed,this is Cailyn & Maren II from Orsted list
Argo,338350046,Safety,stages_2_3,behavioural_screen,possible,
Gulf Stream,368128790,Safety,stages_2_3,behavioural_screen,possible,
ESS Pride,367411950,Safety,stages_2_3,behavioural_screen,possible,
